Project_ID,Project_Name,Project_Type,Location,Contractor,Start_Date,End_Date,Project_Area_SqFt,Planned_Budget,Actual_Cost,Material_Cost,Labour_Cost,Equipment_Cost,Other_Cost,Delay_Days,Status
PRJ-1001,Industrial Project 1,Infrastructure,Gandhinagar,Primeconstruct,2023-03-14,2025-01-27,133834,314746492.1,332206405.62,195538771.25,77287608.0,29038797.22,30341229.15,0,Completed
PRJ-1002,Infrastructure Project 2,Residential,Surat,Vertex Projects,2024-12-13,2026-02-24,108848,263079266.06,288519438.63,140052378.82,71927420.72,24142197.67,52397441.42,148,Delayed
PRJ-1003,Residential Project 3,Commercial,Ahmedabad,Primeconstruct,2023-10-23,2025-09-18,67921,180855855.41,184095331.65,103828535.7,40987627.91,15609597.15,23669570.89,11,Completed
PRJ-1004,Industrial Project 4,Industrial,Pune,Vertex Projects,2025-11-06,2026-06-27,195798,498687124.68,517407373.53,274065440.85,117440014.89,53590437.5,72311480.29,23,Ongoing
PRJ-1005,Industrial Project 5,Residential,Ahmedabad,Urbanbuild,2023-03-02,2023-10-14,141141,438188568.43,504455336.06,281525127.01,122997761.73,28859235.78,71073211.54,87,Delayed
PRJ-1006,Infrastructure Project 6,Infrastructure,Ahmedabad,Unknown,2025-07-27,2027-12-12,196372,609779776.87,562242212.95,258266637.67,105698327.59,41271612.73,157005634.95,12,Completed
PRJ-1007,Residential Project 7,Commercial,Ahmedabad,Buildright,2023-02-11,2025-01-11,37677,112060372.17,108225933.71,51100050.35,22455046.48,5983296.23,28687540.66,174,Delayed
PRJ-1008,Residential Project 8,Residential,Vadodara,Urbanbuild,2023-01-25,2023-10-30,70609,182304396.74,170262584.89,80017888.05,41738496.5,17490604.65,31015595.69,14,Ongoing
PRJ-1009,Industrial Project 9,Infrastructure,Pune,Buildright,2025-11-28,2026-06-15,242897,695077407.41,849669963.33,469931066.96,196939373.59,58679167.65,124120355.13,10,Completed
PRJ-1010,Commercial Project 10,Infrastructure,Ahmedabad,Apex Infra,2023-05-11,2025-06-01,202733,537482928.25,519098863.65,299346717.68,114169511.01,58564800.6,47017834.36,9,Completed
PRJ-1011,Industrial Project 11,Infrastructure,Surat,Shapecraft,2023-04-18,2025-02-15,46024,113896696.03,117633192.06,66161898.96,31486393.8,10217677.02,9767222.29,2,Ongoing
PRJ-1012,Industrial Project 12,Residential,Mumbai,Vertex Projects,2023-06-21,2025-02-08,85313,146606176.08,143370202.21,65171910.8,37741648.43,15204766.08,25251876.9,21,Completed
PRJ-1013,Industrial Project 13,Residential,Ahmedabad,Shapecraft,2023-04-12,2025-08-28,142813,411165353.56,416518169.58,241614795.79,83306837.44,49367899.56,42228636.79,13,Ongoing
PRJ-1014,Industrial Project 14,Residential,Vadodara,Shapecraft,2025-05-15,2026-01-11,199078,576348151.44,554163625.83,278811912.1,158177968.21,60284812.04,56888933.48,15,Completed
PRJ-1015,Infrastructure Project 15,Industrial,Pune,Vertex Projects,2024-06-07,2025-04-27,110285,282781486.08,312622544.67,159304500.3,74857729.41,34604052.92,43856262.04,9,Ongoing
PRJ-1016,Residential Project 16,Residential,Vadodara,Urbanbuild,2023-10-02,2024-10-31,161410,467237664.65,432240620.5,201307586.27,116262054.61,33956354.03,80714625.6,28,Completed
PRJ-1017,Infrastructure Project 17,Residential,Ahmedabad,Apex Infra,2025-12-03,2026-06-03,214099,558268304.89,495578086.69,277826418.18,123288975.75,43918418.3,50544274.45,141,Delayed
PRJ-1018,Infrastructure Project 18,Residential,Pune,Buildright,2025-03-27,2026-03-01,238844,442187042.73,434665244.65,207484230.09,130279220.64,29458219.67,67443574.26,21,Delayed
PRJ-1019,Infrastructure Project 19,Industrial,Ahmedabad,Primeconstruct,2025-08-14,2026-06-09,128632,252856285.14,241278444.37,128986192.98,65214758.51,15376172.67,31701320.21,98,Delayed
PRJ-1020,Industrial Project 20,Residential,Ahmedabad,Buildright,2025-11-06,2026-08-01,226207,421831153.7,375201356.33,216155939.39,99367447.49,32036774.75,27641194.69,8,Ongoing
PRJ-1021,Commercial Project 21,Infrastructure,Vadodara,Primeconstruct,2023-11-26,2025-04-17,165580,354563150.3,358532578.42,166137058.98,98033072.69,32860740.07,61501706.67,0,Completed
PRJ-1022,Residential Project 22,Residential,Gandhinagar,Buildright,2023-01-12,2025-02-09,18051,28272149.95,24053546.81,12755603.92,4742766.71,1773924.72,4781251.46,4,Ongoing
PRJ-1023,Commercial Project 23,Infrastructure,Surat,Vertex Projects,2023-08-04,2025-01-21,194819,496989425.94,624879573.42,303055633.8,127816211.79,56152332.24,137855395.58,19,Completed
PRJ-1024,Infrastructure Project 24,Infrastructure,Vadodara,Apex Infra,2023-12-05,2026-02-01,129692,268740261.7,234042625.03,117358106.79,62182244.38,26241381.92,28260891.95,7,Completed
PRJ-1025,Infrastructure Project 25,Infrastructure,Pune,Primeconstruct,2024-10-22,2026-01-11,233214,609791287.77,592987915.68,309003329.21,141888831.12,52758437.84,89337317.52,10,Completed
PRJ-1026,Commercial Project 26,Industrial,Ahmedabad,Urbanbuild,2024-01-09,2026-03-15,102235,220334240.03,220680915.06,111061123.17,59706597.52,22168924.31,27744270.06,11,Completed
PRJ-1027,Commercial Project 27,Industrial,Surat,Buildright,2025-09-02,2027-01-17,200093,531995910.57,666145167.51,364596855.33,128132972.14,70859225.54,102556114.51,0,Ongoing
PRJ-1028,Commercial Project 28,Commercial,Ahmedabad,Buildright,2024-12-10,2027-03-04,212484,441767360.73,372128109.42,194227546.36,90939834.62,44361769.54,42598958.9,24,Ongoing
PRJ-1029,Infrastructure Project 29,Residential,Pune,Primeconstruct,2024-04-10,2026-03-31,204407,397199736.94,423830394.88,227863902.44,95556202.32,39087257.26,61323032.85,21,Completed
PRJ-1030,Infrastructure Project 30,Infrastructure,Ahmedabad,Urbanbuild,2024-05-03,2026-08-09,202251,473927420.99,556608332.41,311991978.98,130713915.43,59267382.73,54635055.26,19,Completed
PRJ-1031,Residential Project 31,Industrial,Gandhinagar,Urbanbuild,2023-02-16,2024-02-25,178165,477110478.29,483232200.57,257882343.64,122004023.09,56724430.43,46621403.41,26,Delayed
PRJ-1032,Residential Project 32,Industrial,Surat,Vertex Projects,2025-02-16,2026-07-12,215750,451386158.1,410590760.1,220889746.54,98654531.34,47673151.5,43373330.72,24,Completed
PRJ-1033,Infrastructure Project 33,Residential,Surat,Vertex Projects,2025-11-05,2026-10-20,226810,701364984.45,727344808.93,388888562.63,178041845.44,43550300.97,116864099.89,10,Completed
PRJ-1034,Commercial Project 34,Industrial,Pune,Vertex Projects,2024-12-11,2026-11-11,185806,291086792.84,358983413.46,181938499.58,85568326.71,28161337.53,63315249.63,4,Completed
PRJ-1035,Commercial Project 35,Residential,Gandhinagar,Vertex Projects,2024-02-05,2025-11-08,218687,483409418.52,471858688.19,236220492.74,108090850.28,34294361.18,93252983.99,14,Ongoing
PRJ-1036,Residential Project 36,Commercial,Vadodara,Vertex Projects,2025-09-07,2026-04-14,88523,278394826.38,340293693.36,199053812.34,92772853.21,19085287.07,29381740.74,4,Ongoing
PRJ-1037,Infrastructure Project 37,Industrial,Ahmedabad,Vertex Projects,2023-09-07,2025-08-23,109476,266196608.81,287769189.83,155721486.54,52219854.36,27144362.42,52683486.51,11,Completed
PRJ-1038,Residential Project 38,Commercial,Mumbai,Apex Infra,2024-01-26,2025-04-10,248841,552402285.68,661723640.09,322029776.97,166630697.13,67173765.56,105889400.43,4,Completed
PRJ-1039,Residential Project 39,Residential,Ahmedabad,Urbanbuild,2023-12-01,2025-06-27,32019,78974366.64,84995528.02,44600311.53,21067076.71,9295873.07,10032266.7,16,Ongoing
PRJ-1040,Industrial Project 40,Infrastructure,Ahmedabad,Vertex Projects,2024-09-20,2025-10-30,98613,244468705.24,242482376.71,121132622.25,64486124.31,14208105.08,42655525.07,16,Ongoing
PRJ-1041,Industrial Project 41,Industrial,Vadodara,Urbanbuild,2023-05-17,2024-03-15,237866,652657012.44,813643478.56,480093404.86,204943386.47,90600084.39,38006602.83,23,Completed
PRJ-1042,Industrial Project 42,Residential,Ahmedabad,Urbanbuild,2025-06-01,2026-01-04,101672,174578199.29,188025651.13,84824041.04,52499743.76,17863337.4,32838528.94,133,Delayed
PRJ-1043,Commercial Project 43,Infrastructure,Gandhinagar,Shapecraft,2024-11-18,2026-04-09,88847,171032959.49,183000399.79,88535578.72,54001400.46,18167589.68,22295830.93,23,Completed
PRJ-1044,Infrastructure Project 44,Infrastructure,Gandhinagar,Apex Infra,2025-04-06,2026-06-10,97750,243096901.25,278809458.91,140743997.09,61645582.94,31712813.94,44707064.94,27,Completed
PRJ-1045,Infrastructure Project 45,Commercial,Surat,Buildright,2024-12-27,2025-12-17,225706,671271815.61,779278300.16,407696173.93,161530456.54,73044318.1,137007351.59,65,Delayed
PRJ-1046,Infrastructure Project 46,Residential,Pune,Buildright,2024-08-16,2026-10-06,43251,106188703.71,121856079.81,70386829.02,28128236.73,8957714.76,14383299.3,14,Completed
PRJ-1047,Infrastructure Project 47,Infrastructure,Mumbai,Primeconstruct,2025-09-16,2027-06-11,118481,225779130.73,200472307.86,92855393.77,43011645.18,21602397.36,43002871.54,5,Ongoing
PRJ-1048,Industrial Project 48,Industrial,Ahmedabad,Buildright,2024-01-07,2024-08-10,127566,338781634.63,329814672.94,188284512.43,83704995.52,24872691.52,32952473.47,11,Completed
PRJ-1049,Commercial Project 49,Industrial,Ahmedabad,Apex Infra,2025-07-23,2026-11-30,40945,112919959.13,109669730.41,50266904.16,31740864.41,5746251.66,21915710.17,26,Completed
PRJ-1050,Commercial Project 50,Commercial,Vadodara,Primeconstruct,2025-09-21,2028-02-05,105852,201648214.45,192878608.71,111165027.8,37938054.13,20859014.42,22916512.36,51,Delayed
PRJ-1051,Industrial Project 51,Infrastructure,Pune,Apex Infra,2024-02-06,2026-03-19,47217,101145382.19,95617539.06,43768481.18,18367684.86,7091326.59,26390046.44,19,Completed
PRJ-1052,Commercial Project 52,Residential,Gandhinagar,Urbanbuild,2024-09-06,2025-06-26,23308,56133978.08,54420608.0,24638188.64,11467611.95,5668908.57,12645898.85,70,Delayed
PRJ-1053,Industrial Project 53,Industrial,Mumbai,Primeconstruct,2025-09-21,2026-04-28,20949,49107682.65,53542786.49,29691842.74,14302963.28,4036754.12,5511226.35,13,Completed
PRJ-1054,Infrastructure Project 54,Infrastructure,Surat,Urbanbuild,2024-09-11,2026-01-04,198062,428279513.57,475102933.53,284866174.6,119324737.93,52391862.63,18520158.37,1,Completed
PRJ-1055,Industrial Project 55,Infrastructure,Gandhinagar,Buildright,2023-07-07,2024-08-13,147222,295324357.62,310032598.61,181211430.84,59608578.7,20265509.23,48947079.85,8,Completed
PRJ-1056,Infrastructure Project 56,Commercial,Pune,Buildright,2023-05-11,2024-09-19,235552,393365788.24,392923692.05,210764175.16,114046126.24,46450774.27,21662616.38,4,Ongoing
PRJ-1057,Infrastructure Project 57,Industrial,Surat,Primeconstruct,2025-03-15,2026-08-25,115235,183330242.89,220556473.5,129601044.26,60611158.99,23066482.86,7277787.39,19,Completed
PRJ-1058,Residential Project 58,Industrial,Vadodara,Primeconstruct,2025-07-24,2026-05-14,89740,280843173.68,291799448.0,131541732.44,53330058.64,16923391.86,90004265.05,107,Delayed
PRJ-1059,Industrial Project 59,Residential,Vadodara,Vertex Projects,2025-09-12,2028-02-06,131352,386193708.65,448930375.51,267679259.12,115897690.79,40226120.51,25127305.09,28,Completed
PRJ-1060,Residential Project 60,Industrial,Ahmedabad,Apex Infra,2023-07-02,2024-11-15,81617,171668204.78,168523391.65,88240923.55,45930983.02,20050190.49,14301294.59,149,Delayed
PRJ-1061,Industrial Project 61,Residential,Pune,Vertex Projects,2025-09-09,2027-09-26,240913,753229311.79,828285250.28,462542988.78,186308060.32,68726622.16,110707579.03,22,Completed
PRJ-1062,Industrial Project 62,Industrial,Mumbai,Apex Infra,2023-12-30,2024-08-05,31896,84540629.88,102382982.28,58678678.87,19275703.94,6424276.15,18004323.31,63,Delayed
PRJ-1063,Residential Project 63,Commercial,Surat,Vertex Projects,2023-02-08,2023-09-15,145798,338293002.01,249303484.82,139053653.37,47187796.6,20925159.78,42136875.08,5,Ongoing
PRJ-1064,Residential Project 64,Industrial,Gandhinagar,Urbanbuild,2024-05-11,2025-08-22,192247,449501096.17,436640764.6,231531171.23,84057554.62,37495231.42,83556807.32,4,Ongoing
PRJ-1065,Industrial Project 65,Residential,Pune,Primeconstruct,2025-09-08,2026-11-23,153877,252601944.08,283229692.63,147702280.18,79545839.71,28866228.2,27115344.54,20,Ongoing
PRJ-1066,Commercial Project 66,Residential,Pune,Buildright,2025-07-09,2026-08-08,20237,33510388.61,40062936.57,23067733.43,11589500.19,3962994.02,1442708.92,26,Ongoing
PRJ-1067,Infrastructure Project 67,Commercial,Vadodara,Apex Infra,2024-12-22,2025-11-13,35056,88486587.47,95067655.81,45704881.55,18513218.02,7432247.02,23417309.22,4,Ongoing
PRJ-1068,Residential Project 68,Industrial,Ahmedabad,Apex Infra,2023-01-16,2024-06-14,191615,467788777.64,493960964.49,294005126.43,102896378.29,32236691.54,64822768.23,0,Completed
PRJ-1069,Infrastructure Project 69,Industrial,Ahmedabad,Buildright,2024-05-07,2025-04-19,202628,377219867.45,468985924.15,261057671.67,93732681.09,44625788.96,69569782.44,16,Completed
PRJ-1070,Commercial Project 70,Commercial,Surat,Vertex Projects,2025-06-12,2026-03-10,129548,402703938.09,484404193.65,232478185.98,98023308.7,38519470.49,115383228.48,140,Delayed
PRJ-1071,Commercial Project 71,Industrial,Vadodara,Apex Infra,2023-11-07,2025-04-22,126488,357733777.21,338333934.42,189614881.44,94902294.64,20049443.89,33767314.45,13,Ongoing
PRJ-1072,Commercial Project 72,Industrial,Pune,Urbanbuild,2025-01-08,2027-01-28,149415,252943132.97,269123732.58,142494558.37,59168889.74,30421763.17,37038521.3,11,Ongoing
PRJ-1073,Residential Project 73,Residential,Mumbai,Primeconstruct,2024-06-29,2026-07-19,159572,491893372.73,537747810.79,299033230.21,116892022.48,52906603.39,68915954.71,9,Completed
PRJ-1074,Commercial Project 74,Industrial,Vadodara,Buildright,2024-02-18,2026-06-27,199294,629016098.2,790190103.83,446589311.32,163796511.0,77298663.76,102505617.75,19,Unknown
PRJ-1075,Residential Project 75,Industrial,Surat,Primeconstruct,2023-09-08,2025-03-03,44375,141693063.07,163503658.33,75717485.81,41357813.37,17589866.03,28838493.13,20,Completed
PRJ-1076,Commercial Project 76,Commercial,Surat,Apex Infra,2025-01-28,2027-02-03,155734,248392765.28,257725097.08,135541647.38,58121309.23,22441752.38,41620388.09,17,Ongoing
PRJ-1077,Infrastructure Project 77,Commercial,Vadodara,Apex Infra,2025-11-28,2027-05-06,31964,87995627.71,94719278.54,55865634.26,25508844.95,10140059.65,3204739.69,23,Completed
PRJ-1078,Infrastructure Project 78,Infrastructure,Surat,Buildright,2025-03-24,2027-08-13,128429,311832907.96,256929729.35,127975754.96,52585699.03,21804689.04,54563586.33,26,Completed
PRJ-1079,Industrial Project 79,Residential,Vadodara,Urbanbuild,2023-01-29,2024-01-13,205710,555399210.73,647726230.77,349177852.89,177823382.57,35432100.34,85292894.97,10,Completed
PRJ-1080,Infrastructure Project 80,Industrial,Gandhinagar,Shapecraft,2025-08-15,2027-02-01,219738,691451389.47,779603099.02,393999378.71,196808139.07,61095441.52,127700139.72,29,Completed
PRJ-1081,Industrial Project 81,Industrial,Vadodara,Buildright,2024-04-21,2025-04-26,231139,617060466.49,737670347.51,382216658.32,142895654.42,62571074.46,149986960.31,1,Ongoing
PRJ-1082,Infrastructure Project 82,Infrastructure,Vadodara,Shapecraft,2023-11-14,2026-03-09,82215,240301174.36,248162407.22,132094483.8,57012967.95,24919024.8,34135930.66,24,Completed
PRJ-1083,Residential Project 83,Industrial,Surat,Vertex Projects,2023-09-02,2025-04-25,84042,249913745.54,266249339.58,141734720.01,75514217.28,15298823.13,33701579.16,17,Ongoing
PRJ-1084,Infrastructure Project 84,Residential,Surat,Shapecraft,2025-01-17,2027-06-15,159356,466182799.0,462564939.88,222151238.82,134493174.47,27661983.68,78258542.9,28,Completed
PRJ-1085,Industrial Project 85,Infrastructure,Ahmedabad,Urbanbuild,2024-11-27,2025-06-01,218861,486824670.74,444097730.08,245446479.11,104755555.48,30401982.98,63493712.51,24,Completed
PRJ-1086,Industrial Project 86,Residential,Ahmedabad,Vertex Projects,2023-09-29,2024-08-06,230736,433409866.88,423757506.54,196276093.7,100727344.64,29093023.95,97661044.24,6,Completed
PRJ-1087,Commercial Project 87,Infrastructure,Gandhinagar,Shapecraft,2024-01-12,2026-01-17,108468,235842810.13,196146678.98,92350508.28,56924623.51,19860424.09,27011123.1,23,Completed
PRJ-1088,Residential Project 88,Infrastructure,Ahmedabad,Vertex Projects,2023-09-23,2024-04-20,207461,625749001.81,725714070.51,326866432.41,181753773.16,49022817.3,168071047.63,14,Completed
PRJ-1089,Infrastructure Project 89,Commercial,Vadodara,Shapecraft,2025-07-14,2027-06-28,24435,42742390.99,33724349.15,15766281.94,6203310.76,3180774.87,8573981.59,10,Completed
PRJ-1090,Commercial Project 90,Residential,Surat,Urbanbuild,2025-07-09,2027-03-06,200412,475508431.0,615239961.05,320524595.74,178130386.27,52048789.75,64536189.29,17,Ongoing
PRJ-1091,Infrastructure Project 91,Industrial,Ahmedabad,Shapecraft,2023-12-06,2025-07-01,190150,360617140.55,302307069.82,163522513.97,63420145.59,27247119.54,48117290.71,22,Completed
PRJ-1092,Infrastructure Project 92,Industrial,Ahmedabad,Shapecraft,2024-01-24,2026-05-24,93832,233474584.85,287170620.39,163441268.29,71596182.86,31206109.78,20927059.45,11,Ongoing
PRJ-1093,Commercial Project 93,Residential,Gandhinagar,Shapecraft,2024-07-30,2026-01-23,66293,196713571.46,185114063.56,86264058.37,36997192.57,14495672.39,47357140.23,113,Delayed
PRJ-1094,Commercial Project 94,Industrial,Pune,Buildright,2023-01-03,2024-09-10,242053,725338911.53,810438550.85,468116697.36,149173776.46,84256268.49,108891808.54,19,Ongoing
PRJ-1095,Commercial Project 95,Industrial,Gandhinagar,Buildright,2024-01-11,2026-05-09,93781,178405676.05,171217068.38,96206216.48,37218615.1,13619037.8,24173199.01,22,Completed
PRJ-1096,Commercial Project 96,Residential,Vadodara,Buildright,2023-11-20,2025-11-19,206475,628319798.63,785933681.34,401830399.48,215078206.41,58765044.43,110260031.03,29,Completed
PRJ-1097,Commercial Project 97,Infrastructure,Surat,Urbanbuild,2023-05-26,2024-02-11,175196,439078117.13,463334689.21,273339995.55,98834136.02,54258300.23,36902257.41,12,Completed
PRJ-1098,Infrastructure Project 98,Residential,Gandhinagar,Vertex Projects,2023-10-20,2025-04-07,241507,506046768.78,596549104.77,357117810.96,123134694.38,37526496.78,78770102.66,19,Completed
PRJ-1099,Commercial Project 99,Infrastructure,Ahmedabad,Apex Infra,2024-03-07,2025-05-18,58919,159311557.37,168730975.04,81117462.06,34677875.84,9503533.79,43432103.34,28,Delayed
PRJ-1100,Residential Project 100,Industrial,Surat,Shapecraft,2024-12-05,2027-05-21,181319,420448640.2,459279257.23,232801439.17,111063296.64,47750811.89,67663709.52,17,Completed
PRJ-1101,Industrial Project 101,Industrial,Surat,Shapecraft,2025-08-06,2027-09-13,136172,291759254.41,327917795.29,193132895.74,97412886.05,17962510.27,19409503.23,9,Completed
PRJ-1102,Commercial Project 102,Industrial,Ahmedabad,Urbanbuild,2024-08-07,2026-07-11,109758,296197704.42,292214769.94,163125821.99,68693461.97,31733217.63,28662268.36,27,Ongoing
PRJ-1103,Commercial Project 103,Commercial,Gandhinagar,Shapecraft,2024-02-03,2025-05-22,237819,457285760.46,409894980.22,187409804.07,101193497.22,33038985.51,88252693.42,22,Ongoing
PRJ-1104,Infrastructure Project 104,Infrastructure,Ahmedabad,Buildright,2025-03-27,2026-05-04,208824,430475912.0,384762642.16,218247825.5,108993961.48,43896014.41,13624840.76,7,Ongoing
PRJ-1105,Commercial Project 105,Commercial,Pune,Apex Infra,2025-08-21,2027-07-26,71573,160221037.17,169209614.93,97158660.52,41322403.62,17006801.58,13721749.21,17,Completed
PRJ-1106,Commercial Project 106,Commercial,Surat,Primeconstruct,2023-07-06,2024-02-16,74101,143108274.7,141872275.69,79813836.46,28677429.71,13155578.73,20225430.8,20,Completed
PRJ-1107,Commercial Project 107,Residential,Mumbai,Shapecraft,2023-03-02,2025-06-25,248828,544645562.24,431630076.98,245999175.65,93211166.63,50263959.46,42155775.24,0,Completed
PRJ-1108,Infrastructure Project 108,Commercial,Mumbai,Buildright,2025-07-27,2026-05-15,41646,102928261.53,114410212.76,65645136.5,24849032.26,8897162.38,15018881.62,22,Completed
PRJ-1109,Commercial Project 109,Residential,Vadodara,Primeconstruct,2024-12-10,2026-01-26,119185,328909548.34,297262280.45,142079701.92,67680133.17,34716098.12,52786347.24,7,Completed
PRJ-1110,Industrial Project 110,Residential,Ahmedabad,Apex Infra,2025-03-17,2025-09-29,38049,106698194.84,97176554.31,47165006.2,22468644.8,5777154.84,21765748.46,28,Completed
PRJ-1111,Infrastructure Project 111,Commercial,Ahmedabad,Primeconstruct,2023-01-11,2024-07-03,225677,654179759.01,683621037.87,372617070.1,188661524.74,57330405.78,65012037.25,5,Completed
PRJ-1112,Industrial Project 112,Infrastructure,Vadodara,Buildright,2025-12-21,2027-01-27,113116,312783817.84,294638015.29,172710888.1,65387965.79,20298728.25,36240433.15,4,Completed
PRJ-1113,Infrastructure Project 113,Infrastructure,Vadodara,Vertex Projects,2023-08-14,2026-01-09,112379,298677200.62,318001812.57,158183478.6,75108154.68,27917059.38,56793119.91,14,Completed
PRJ-1114,Commercial Project 114,Infrastructure,Vadodara,Vertex Projects,2024-07-17,2026-04-05,83385,158745111.08,204275638.85,109950545.79,52089699.28,12530466.13,29704927.66,21,Ongoing
PRJ-1115,Industrial Project 115,Infrastructure,Surat,Primeconstruct,2025-02-10,2026-08-08,141131,307719057.06,309107818.54,170765782.7,69650372.57,33664028.75,35027634.51,14,Ongoing
PRJ-1116,Infrastructure Project 116,Infrastructure,Pune,Urbanbuild,2025-06-03,2027-10-05,186230,430585235.02,397365800.49,205752947.88,111416513.69,43411637.3,36784701.61,1,Ongoing
PRJ-1117,Residential Project 117,Commercial,Ahmedabad,Primeconstruct,2023-08-14,2024-12-31,211489,347035524.65,371946025.18,207198993.37,93170408.5,43468045.73,28108577.58,0,Completed
PRJ-1118,Commercial Project 118,Commercial,Surat,Shapecraft,2025-04-04,2027-01-10,38289,91825798.08,87874734.6,51402336.27,18918144.01,5345160.86,12209093.46,22,Completed
PRJ-1119,Infrastructure Project 119,Industrial,Vadodara,Shapecraft,2023-08-06,2025-03-21,125226,280728004.44,295564529.4,160673380.11,78527683.85,27674675.91,28688789.52,22,Completed
PRJ-1120,Residential Project 120,Infrastructure,Ahmedabad,Vertex Projects,2025-07-25,2027-04-20,115793,331583181.66,360721490.51,191531265.11,87769933.37,30010805.75,51409486.28,25,Ongoing
